<?xml version="1.0" encoding="utf-8"?>
<employees>
	<employee id="be129">
		<firstname>Jitendra</firstname>
		<lastname>Kumar</lastname>
		<title>Engineer</title>
		<division>Materials</division>
		<building>327</building>
		<room>19</room>
	</employee>
	<employee id="be130">
		<firstname>Amit</firstname>
		<lastname>Kumar</lastname>
		<title>Accountant</title>
		<division>Accts Payable</division>
		<building>326</building>
		<room>14</room>
	</employee>
	<employee id="be131">
		<firstname>Akash</firstname>
		<lastname>Kumar</lastname>
		<title>Engineering Manager</title>
		<division>Materials</division>
		<building>327</building>
		<room>21</room>
	</employee>
	<employee id="be132">
		<firstname>Aishwarya</firstname>
		<lastname>Kulshrestha</lastname>
		<title>Engineer</title>
		<division>Materials</division>
		<building>327</building>
		<room>22</room>
	</employee>
	<employee id="be133">
		<firstname>Sachin</firstname>
		<lastname>Kumar</lastname>
		<title>Engineer</title>
		<division>Materials</division>
		<building>327</building>
		<room>24</room>
	</employee>
	<employee id="be135">
		<firstname>Vikash</firstname>
		<lastname>kumar</lastname>
		<title>COO</title>
		<division>Management</division>
		<building>216</building>
		<room>26</room>
	</employee>
	<employee id="be136">
		<firstname>Suvam</firstname>
		<lastname>Basak</lastname>
		<title>Accountant</title>
		<division>Accts Payable</division>
		<building>326</building>
		<room>30</room>
	</employee>
	<employee id="be135">
		<firstname>Abhinav</firstname>
		<lastname>kumar</lastname>
		<title>COO</title>
		<division>Management</division>
		<building>216</building>
		<room>32</room>
	</employee>
	<employee id="be131">
		<firstname>DhanPal</firstname>
		<lastname>Singh</lastname>
		<title>Engineering Manager</title>
		<division>Materials</division>
		<building>327</building>
		<room>21</room>
	</employee>

</employees>
