<LAPTOP>
    <Gaming>
        <Company>Acer</Company>
        <Model>Predator Helios 300</Model>
    </Gaming>
    <Gaming>
        <Company>Asus</Company>
        <Model>TUF ROG</Model>
    </Gaming>
    <Gaming>
        <Company>Dell</Company>
        <Model>XPS 13</Model>
    </Gaming>
    <Gaming>
        <Company>HP</Company>
        <Model>Omen 17</Model>
    </Gaming>
    <Gaming>
        <Company>Lenovo</Company>
        <Model>Legion</Model>
    </Gaming>
</LAPTOP>


