<?xml version="1.0" encoding="UTF-8"?>
<bookstore>
	<book category="Computer">
		<title lang="en">Web Programing</title>
		<title lang="en">SAS</title>
		<author>Smith</author>
		<price>30</price>
		<year>2005</year>
	</book>
	<book category="cooking">
       <title lang="en">Everyday Italian</title>
       <author>Giada De Laurentiis</author>
       <year>2005</year>
       <price>30.00</price>
	</book>
	<book category="Mechanical">
		<title lang="en">Thermo Dynamics</title>
		<author>Mike</author>
		<price>50</price>
		<year>2009</year>
	</book>
	<book category="Electronics">
		<title lang="en">Signal Processing</title>
		<author>Paul</author>
		<price>30</price>
		<year>2007</year>
	</book>
	<book category="Information Technology">
		<title lang="en">Information System</title>
		<author>Ken</author>
		<price>50</price>
		<year>2009</year>
	</book>
</bookstore>